id,chain,resi,rmsf
5mbn,A,1,2.368
5mbn,A,2,1.264
5mbn,A,3,1.855
5mbn,A,4,2.554
5mbn,A,5,1.929
5mbn,A,6,1.155
5mbn,A,7,0.709
5mbn,A,8,0.913
5mbn,A,9,0.931
5mbn,A,10,0.731
5mbn,A,11,0.758
5mbn,A,12,0.873
5mbn,A,13,0.665
5mbn,A,14,0.578
5mbn,A,15,0.892
5mbn,A,16,0.952
5mbn,A,17,1.209
5mbn,A,18,1.086
5mbn,A,19,1.164
5mbn,A,20,1.013
5mbn,A,21,0.856
5mbn,A,22,1.043
5mbn,A,23,0.886
5mbn,A,24,0.62
5mbn,A,25,0.847
5mbn,A,26,0.847
5mbn,A,27,0.543
5mbn,A,28,0.408
5mbn,A,29,0.381
5mbn,A,30,0.449
5mbn,A,31,0.524
5mbn,A,32,0.397
5mbn,A,33,0.431
5mbn,A,34,0.721
5mbn,A,35,1.027
5mbn,A,36,1.288
5mbn,A,37,1.221
5mbn,A,38,1.163
5mbn,A,39,1.276
5mbn,A,40,0.936
5mbn,A,41,0.621
5mbn,A,42,0.653
5mbn,A,43,0.751
5mbn,A,44,1.029
5mbn,A,45,1.19
5mbn,A,46,0.935
5mbn,A,47,1.63
5mbn,A,48,3.265
5mbn,A,49,3.378
5mbn,A,50,4.051
5mbn,A,51,3.769
5mbn,A,52,3.488
5mbn,A,53,3.04
5mbn,A,54,2.407
5mbn,A,55,2.215
5mbn,A,56,2.429
5mbn,A,57,3.084
5mbn,A,58,1.498
5mbn,A,59,1.408
5mbn,A,60,1.173
5mbn,A,61,0.835
5mbn,A,62,0.836
5mbn,A,63,0.963
5mbn,A,64,0.984
5mbn,A,65,0.805
5mbn,A,66,0.77
5mbn,A,67,0.544
5mbn,A,68,0.388
5mbn,A,69,0.338
5mbn,A,70,0.582
5mbn,A,71,0.486
5mbn,A,72,0.446
5mbn,A,73,0.497
5mbn,A,74,0.699
5mbn,A,75,0.705
5mbn,A,76,0.792
5mbn,A,77,0.808
5mbn,A,78,0.991
5mbn,A,79,1.287
5mbn,A,80,1.703
5mbn,A,81,2.251
5mbn,A,82,1.419
5mbn,A,83,1.745
5mbn,A,84,1.677
5mbn,A,85,1.591
5mbn,A,86,1.166
5mbn,A,87,1.384
5mbn,A,88,1.391
5mbn,A,89,0.955
5mbn,A,90,0.93
5mbn,A,91,1.171
5mbn,A,92,1.168
5mbn,A,93,0.956
5mbn,A,94,1.051
5mbn,A,95,1.355
5mbn,A,96,1.341
5mbn,A,97,1.163
5mbn,A,98,1.048
5mbn,A,99,1.066
5mbn,A,100,0.94
5mbn,A,101,0.854
5mbn,A,102,0.673
5mbn,A,103,0.509
5mbn,A,104,0.341
5mbn,A,105,0.482
5mbn,A,106,0.278
5mbn,A,107,0.286
5mbn,A,108,0.452
5mbn,A,109,0.678
5mbn,A,110,0.557
5mbn,A,111,0.375
5mbn,A,112,0.37
5mbn,A,113,0.522
5mbn,A,114,0.334
5mbn,A,115,0.447
5mbn,A,116,0.972
5mbn,A,117,0.844
5mbn,A,118,1.04
5mbn,A,119,1.459
5mbn,A,120,3.204
5mbn,A,121,2.89
5mbn,A,122,2.543
5mbn,A,123,1.713
5mbn,A,124,2.425
5mbn,A,125,3.4
5mbn,A,126,2.465
5mbn,A,127,2.984
5mbn,A,128,2.152
5mbn,A,129,0.839
5mbn,A,130,0.659
5mbn,A,131,0.489
5mbn,A,132,0.49
5mbn,A,133,0.426
5mbn,A,134,0.38
5mbn,A,135,0.36
5mbn,A,136,0.524
5mbn,A,137,0.364
5mbn,A,138,0.29
5mbn,A,139,0.38
5mbn,A,140,0.442
5mbn,A,141,0.558
5mbn,A,142,0.717
5mbn,A,143,0.761
5mbn,A,144,0.835
5mbn,A,145,0.747
5mbn,A,146,1.04
5mbn,A,147,1.221
5mbn,A,148,1.242
5mbn,A,149,1.46
5mbn,A,150,1.794
5mbn,A,151,1.617
5mbn,A,152,2.499
5mbn,A,153,3.171
